{"count":1,"self":41.817744,"total":130.97944769999998,"children":{"AgentSendState":{"count":18334,"self":0.72732389999999991,"total":49.0155652,"children":{"CollectObservations":{"count":9168,"self":0.056061099999999996,"total":0.056061099999999996,"children":null},"CollectDiscreteActionMasks":{"count":9168,"self":0.046991899999999996,"total":0.046991899999999996,"children":null},"AgentInfo.ToProto":{"count":9168,"self":0.2010861,"total":48.1851883,"children":{"GenerateSensorData":{"count":9168,"self":0.6559762,"total":47.984102199999995,"children":{"CameraSensor.GetCompressedObservation":{"count":18336,"self":47.3281248,"total":47.328126,"children":null}}}}}}},"DecideAction":{"count":18334,"self":39.5905248,"total":39.590525199999995,"children":null},"AgentAct":{"count":18334,"self":0.4575495,"total":0.554612,"children":{"AgentInfo.ToProto":{"count":15,"self":0,"total":0.0970625,"children":{"GenerateSensorData":{"count":15,"self":0.0020006,"total":0.0970625,"children":{"CameraSensor.GetCompressedObservation":{"count":30,"self":0.095061899999999991,"total":0.095061899999999991,"children":null}}}}}}}},"gauges":{"avaca_behaviour.CumulativeReward":{"count":15,"max":0.0024,"min":-1.19807708,"runningAverage":-0.364412785,"value":-1.15807009,"weightedAverage":-0.6915109}},"metadata":{"timer_format_version":"0.1.0","start_time_seconds":"1590860558","unity_version":"2019.3.10f1","command_line_arguments":"D:\\programs\\2019.3.10f1\\Editor\\Unity.exe -projectpath D:\/AVACAcompML2020 -useHub -hubIPC -cloudEnvironment production -hubSessionId 5f54b810-a281-11ea-8d12-5bf6267a02fe -accessToken -vDRTJbrDEeHXmmwVvmEaLhcdmOSeJp6z0LmoeWdYJo006f","communication_protocol_version":"1.0.0","com.unity.ml-agents_version":"1.0.0-preview","scene_name":"06_games_of_composition","end_time_seconds":"1590860689"}}