{"count":1,"self":148.92168959999998,"total":183.8301501,"children":{"AgentSendState":{"count":8716,"self":0.2443492,"total":0.2864504,"children":{"CollectObservations":{"count":4359,"self":0.019042999999999997,"total":0.019042999999999997,"children":null},"CollectDiscreteActionMasks":{"count":4359,"self":0.023058199999999997,"total":0.023058199999999997,"children":null}}},"DecideAction":{"count":8716,"self":18.2025984,"total":34.1598287,"children":{"CameraSensor.WriteToTensor":{"count":8718,"self":15.957230399999998,"total":15.957230399999998,"children":null}}},"AgentAct":{"count":8716,"self":0.4611765,"total":0.4611765,"children":null}},"gauges":{"avaca_behaviour.CumulativeReward":{"count":10,"max":264.412659,"min":-6.30011129,"runningAverage":66.8586044,"value":264.412659,"weightedAverage":111.011017}},"metadata":{"timer_format_version":"0.1.0","start_time_seconds":"1590943185","unity_version":"2019.3.10f1","command_line_arguments":"D:\\programs\\2019.3.10f1\\Editor\\Unity.exe -projectpath D:\/AVACAcompML2020 -useHub -hubIPC -cloudEnvironment production -hubSessionId de04e850-a331-11ea-98ca-a93ee0c752fc -accessToken ecbI8mVMRfQ8YEdgnoZj1XRU9vo7EtvJ42jAZRIS1Xk006f","communication_protocol_version":"1.0.0","com.unity.ml-agents_version":"1.0.0-preview","scene_name":"06_games_of_composition","end_time_seconds":"1590943369"}}