{"count":1,"self":45.039142399999996,"total":49.9509705,"children":{"AgentSendState":{"count":1968,"self":0.034984999999999995,"total":0.0479849,"children":{"CollectObservations":{"count":270,"self":0.011999399999999999,"total":0.011999399999999999,"children":null},"CollectDiscreteActionMasks":{"count":270,"self":0.0010004999999999999,"total":0.0010004999999999999,"children":null}}},"DecideAction":{"count":1968,"self":4.2028228,"total":4.8328162,"children":{"CameraSensor.WriteToTensor":{"count":540,"self":0.6299933,"total":0.6299933,"children":null}}},"AgentAct":{"count":1968,"self":0.030026399999999998,"total":0.030026399999999998,"children":null}},"gauges":{},"metadata":{"timer_format_version":"0.1.0","start_time_seconds":"1592596499","unity_version":"2019.3.10f1","command_line_arguments":"D:\\programs\\2019.3.10f1\\Editor\\Unity.exe -projectpath D:\/AVACAcompML2020 -useHub -hubIPC -cloudEnvironment production -hubSessionId 73070440-b257-11ea-9be6-79d72c40452e -accessToken WyUNU8KtRd1FmD-dN1lAG77G-terNsnBsfFOxBx5cow006f","communication_protocol_version":"1.0.0","com.unity.ml-agents_version":"1.0.0-preview","scene_name":"09_games_of_composition_float_inference_3_item 1 cam","end_time_seconds":"1592596549"}}